from,to
https://blog.ttskch.com/mac-os-x-sublime-text-2-less2css-error/,https://zenn.dev/ttskch/articles/b838aab11f44fc
https://blog.ttskch.com/cakephp-authcomponent-custom-flash-message/,https://zenn.dev/ttskch/articles/7ed5bc47f258d2
https://blog.ttskch.com/cakephp-appcontroller-fatal-error/,https://zenn.dev/ttskch/articles/8f7fdb30159003
https://blog.ttskch.com/git-merge-squash/,https://zenn.dev/ttskch/articles/565179c44e1142
https://blog.ttskch.com/chmod-git-prevent-change/,https://zenn.dev/ttskch/articles/e29ee83cac4c18
https://blog.ttskch.com/cakephp2-htbtm-table-prefix/,https://zenn.dev/ttskch/articles/02f0f1657da815
https://blog.ttskch.com/php-foreach-passing-by-reference/,https://zenn.dev/ttskch/articles/7ec55902761d8b
https://blog.ttskch.com/mac-chrome-address-bar-command-enter-not-work/,https://zenn.dev/ttskch/articles/b20e23f1d2babb
https://blog.ttskch.com/tree-behavior-ul-helper/,https://zenn.dev/ttskch/articles/82501aa695c779
https://blog.ttskch.com/git-directory-permission/,https://zenn.dev/ttskch/articles/b07c47a66f4fdc
https://blog.ttskch.com/mac-git-japanese-filename/,https://zenn.dev/ttskch/articles/d8c3691bc7279d
https://blog.ttskch.com/symfony2-find-service-class-name/,https://zenn.dev/ttskch/articles/b5af7e8159a90c
https://blog.ttskch.com/chrome-default-encoding-utf8/,https://zenn.dev/ttskch/articles/bfbab40c8ec48d
https://blog.ttskch.com/mac-terminal-rm-copy-to-trashbox/,https://zenn.dev/ttskch/articles/81f3c42ad3541e
https://blog.ttskch.com/fontawesome-icon-css-before-after/,https://zenn.dev/ttskch/articles/d7ad81bf65eb75
https://blog.ttskch.com/phpstorm8-cli-new-window/,https://zenn.dev/ttskch/articles/9f3086a5b65488
https://blog.ttskch.com/windows-dreamweaver-less-twig/,https://zenn.dev/ttskch/articles/c2f9877c98514b
https://blog.ttskch.com/bearsunday-wrap-parsecom/,https://zenn.dev/ttskch/articles/724679edf2ab48
https://blog.ttskch.com/bearsunday-raydi-rayaop-code-reading/,https://zenn.dev/ttskch/articles/a34e358ffa50b3
https://blog.ttskch.com/symfony2-spbowerbundle-confliction/,https://zenn.dev/ttskch/articles/40efe2dadb368d
https://blog.ttskch.com/dynamic-global-ip-notification/,https://zenn.dev/ttskch/articles/5392139bd35b23
https://blog.ttskch.com/twitter-ego-search-hubot/,https://zenn.dev/ttskch/articles/2625f30bb0332c
https://blog.ttskch.com/mac-atom-cli-same-process/,https://zenn.dev/ttskch/articles/124d49187c5db4
https://blog.ttskch.com/remark-templating-markbase/,https://zenn.dev/ttskch/articles/5c111f141a4eb9
https://blog.ttskch.com/leader-and-manager/,https://zenn.dev/ttskch/articles/5a446c4246dd64
https://blog.ttskch.com/php-heroku-line-bot/,https://zenn.dev/ttskch/articles/0033b096476990
https://blog.ttskch.com/chrome-address-bar-auto-complete-deletion/,https://zenn.dev/ttskch/articles/a491e6dcbec7b2
https://blog.ttskch.com/from-docker-toolbox-to-docker-for-mac/,https://zenn.dev/ttskch/articles/bbec36ca24f7fa
https://blog.ttskch.com/audio2video-service-and-cli/,https://zenn.dev/ttskch/articles/517eb5ee6e52dd
https://blog.ttskch.com/angular-cli-ng2-bootstrap/,https://zenn.dev/ttskch/articles/9b8a418e5f322e
https://blog.ttskch.com/ghsync-prod-ftp-and-github/,https://zenn.dev/ttskch/articles/e79d77167682fe
https://blog.ttskch.com/slash-search-chrome-extension/,https://zenn.dev/ttskch/articles/f3bae1461bc920
https://blog.ttskch.com/ansible-check-in-docker/,https://zenn.dev/ttskch/articles/ec92a13fd1391d
https://blog.ttskch.com/general-skills-and-expertises/,https://zenn.dev/ttskch/articles/2c5931c67ff6ff
https://blog.ttskch.com/symfony4-locale-with-url/,https://zenn.dev/ttskch/articles/19379bb5742f7b
https://blog.ttskch.com/skills-for-meeting/,https://zenn.dev/ttskch/articles/53fc1e8e7c510d
https://blog.ttskch.com/keynote-make-hole-in-shape/,https://zenn.dev/ttskch/articles/98cfd905856d82
https://blog.ttskch.com/apache24-except-specific-url-from-acl/,https://zenn.dev/ttskch/articles/33f8891bd009db
https://blog.ttskch.com/angular-change-header-on-specific-page/,https://zenn.dev/ttskch/articles/74e718612afc22
https://blog.ttskch.com/angular-same-route-loged-in-and-not/,https://zenn.dev/ttskch/articles/a4de858ea27e47
https://blog.ttskch.com/angular-warning-in-circular-dependency-detected/,https://zenn.dev/ttskch/articles/3d6923c7d707b4
https://blog.ttskch.com/jms-serializer-recursive-reference/,https://zenn.dev/ttskch/articles/99ce2f8f56bde1
https://blog.ttskch.com/pizza-drink-calculator-command/,https://zenn.dev/ttskch/articles/d16463a27769c3
https://blog.ttskch.com/dev-composer-library-in-other-php-app/,https://zenn.dev/ttskch/articles/286bc6f2e14582
https://blog.ttskch.com/whats-internet/,https://zenn.dev/ttskch/articles/7e9101660f5d2d
https://blog.ttskch.com/browser-cache/,https://zenn.dev/ttskch/articles/d8f9b0610ce93f
https://blog.ttskch.com/html-css-js-basic/,https://zenn.dev/ttskch/articles/69c8553acbc68c
https://blog.ttskch.com/whats-tag/,https://zenn.dev/ttskch/articles/9641f8962c4d05
https://blog.ttskch.com/heroku-mysqldump-s3-scheduled-backup/,https://zenn.dev/ttskch/articles/81d974550632db
https://blog.ttskch.com/symfony-encore-bs4-datetimepicker/,https://zenn.dev/ttskch/articles/49d1f4efb66501
https://blog.ttskch.com/symfony-ttskch-pagerfanta-bundle/,https://zenn.dev/ttskch/articles/81ab49293fc84f
https://blog.ttskch.com/jawsdb-cleardb-free-plan-max-questions/,https://zenn.dev/ttskch/articles/905ae809e29504
https://blog.ttskch.com/from-jawsdb-to-rds-access-denied/,https://zenn.dev/ttskch/articles/d619a216246aa0
https://blog.ttskch.com/serverless-static-wordpress-hosting-shifter/,https://zenn.dev/ttskch/articles/9f98845ee1a98f
https://blog.ttskch.com/circleci-2-0-continuous-deployment/,https://zenn.dev/ttskch/articles/2598d4acbf342c
https://blog.ttskch.com/cron-rotate-mysqldump-aws-s3/,https://zenn.dev/ttskch/articles/b06ace4044fdf3
https://blog.ttskch.com/twitter-analytics-extractor-bookmarklet/,https://zenn.dev/ttskch/articles/2b2939a18873fb
https://blog.ttskch.com/ios-macos-memo-prevent-first-line-title/,https://zenn.dev/ttskch/articles/8930a0703cd102
https://blog.ttskch.com/twitter-advanced-search/,https://zenn.dev/ttskch/articles/baa82ccbd181de
https://blog.ttskch.com/whats-unit-test-php/,https://zenn.dev/ttskch/articles/22b6d2b1209b97
https://blog.ttskch.com/angular-netlify-tutorial/,https://zenn.dev/ttskch/articles/a6af4db03ff11c
https://blog.ttskch.com/vuetify-container-in-app-bar-with-narrow-width/,https://zenn.dev/ttskch/articles/ca7f9fdac24050
https://blog.ttskch.com/nuxtjs-vuetify-navigation-tutorial/,https://zenn.dev/ttskch/articles/23cbe99ac4271a
https://blog.ttskch.com/mac-phpenv-nodebrew/,https://zenn.dev/ttskch/articles/2d05e5e3fd6083
https://blog.ttskch.com/git-cz-is-better-than-commitizen/,https://zenn.dev/ttskch/articles/a998c125756ab6
https://blog.ttskch.com/sango-featured-image-from-url-structured-data-broken/,https://zenn.dev/ttskch/articles/8d6481f0d846e9
https://blog.ttskch.com/ubuntu-apache-letsencrypt/,https://zenn.dev/ttskch/articles/4b62156c13774a
https://blog.ttskch.com/mac-catalina-slowquitapps/,https://zenn.dev/ttskch/articles/7c406fa0902df7
https://blog.ttskch.com/php-league-csv/,https://zenn.dev/ttskch/articles/2e463bf80416a7
https://blog.ttskch.com/php-league-csv-non-unique-header/,https://zenn.dev/ttskch/articles/13b3a3dc48645d
https://blog.ttskch.com/mac-ipic-screenshot-markdown/,https://zenn.dev/ttskch/articles/672399b908b9e6
https://blog.ttskch.com/learning-database-sql/,https://zenn.dev/ttskch/articles/4c1612a99b1459
https://blog.ttskch.com/mac-caffeine-prevent-sleep-screan-saver/,https://zenn.dev/ttskch/articles/bae0ec4cae202b
https://blog.ttskch.com/create-chrome-extension-with-boilerplate/,https://zenn.dev/ttskch/articles/24e0d3ebd9e19c
https://blog.ttskch.com/git-ghq-peco-hub/,https://zenn.dev/ttskch/articles/45a65cc856336c
https://blog.ttskch.com/mac-alfred-workflow-introducing/,https://zenn.dev/ttskch/articles/f1113eaad323e0
https://blog.ttskch.com/markdown-with-wordperss-best-practice/,https://zenn.dev/ttskch/articles/665308f577cdeb
https://blog.ttskch.com/hack-meross-smart-plug-and-bulb-with-charles/,https://zenn.dev/ttskch/articles/95cfa30390241c
https://blog.ttskch.com/symfony-form-query-builder-form-events/,https://zenn.dev/ttskch/articles/81e4e46378a87b
https://blog.ttskch.com/my-qnap-practice/,https://zenn.dev/ttskch/articles/96fc663a080e18
https://blog.ttskch.com/symfony-form-collection-type-basic-usage/,https://zenn.dev/ttskch/articles/3e846a1aa5eb40
https://blog.ttskch.com/symfony-form-choice-type-basic-usage/,https://zenn.dev/ttskch/articles/5b85d1c1c8afcd
https://blog.ttskch.com/css-background-blend-mode/,https://zenn.dev/ttskch/articles/3099cb6bcc5389
https://blog.ttskch.com/css-filter-blur/,https://zenn.dev/ttskch/articles/519004acf226fe
https://blog.ttskch.com/netlify-functions-mailgun/,https://zenn.dev/ttskch/articles/2d9215dabee61d
https://blog.ttskch.com/php-array-merge-comparison/,https://zenn.dev/ttskch/articles/18cb489ff67b2b
https://blog.ttskch.com/nuxt-vuetify-full-screen-loading-spinner/,https://zenn.dev/ttskch/articles/6c97b3b4840dc1
https://blog.ttskch.com/nuxt-ogp-meta-tags-practice/,https://zenn.dev/ttskch/articles/9821c1c57d7381
https://blog.ttskch.com/symfony4-liip-test-fixtures-bundle-practice/,https://zenn.dev/ttskch/articles/85cfc7d291b52a
https://blog.ttskch.com/google-chrome-search-engine-keyword-shortcut/,https://zenn.dev/ttskch/articles/2c776ee3578d5b
https://blog.ttskch.com/lets-understand-url-structure/,https://zenn.dev/ttskch/articles/841a472bfefb44
https://blog.ttskch.com/best-way-of-custom-domain-email-receiving/,https://zenn.dev/ttskch/articles/ebc846ce90713c
https://blog.ttskch.com/rails-tutorial-01/,https://zenn.dev/ttskch/articles/89156af67a7af7
https://blog.ttskch.com/rails-tutorial-02/,https://zenn.dev/ttskch/articles/c4d04748669ec1
https://blog.ttskch.com/php-chronos-is-better-than-datetime/,https://zenn.dev/ttskch/articles/44d30281a8eee0
https://blog.ttskch.com/rails-tutorial-03/,https://zenn.dev/ttskch/articles/24050fb9c788ff
https://blog.ttskch.com/symfony-multiple-entity-manager-for-one-database/,https://zenn.dev/ttskch/articles/08eb6d817f9c89
https://blog.ttskch.com/symfony-simulate-login-on-functional-test/,https://zenn.dev/ttskch/articles/f0b08200603c0f
https://blog.ttskch.com/symfony-no-longer-needs-fosuserbundle/,https://zenn.dev/ttskch/articles/edbc02bc6881a3
https://blog.ttskch.com/qiita-export/,https://zenn.dev/ttskch/articles/d233b65c0151bd
https://blog.ttskch.com/google-apps-script-mailapp-from/,https://zenn.dev/ttskch/articles/87c0914910eb5f
https://blog.ttskch.com/php-league-csv-troubled-with-utf-16/,https://zenn.dev/ttskch/articles/2857d598fe517d
https://blog.ttskch.com/symfony-messenger-and-league-csv/,https://zenn.dev/ttskch/articles/5940136340f4b7
https://blog.ttskch.com/carbon-beautiful-images-of-source-code/,https://zenn.dev/ttskch/articles/27775eae1fa1c4
https://blog.ttskch.com/phothoshop-fill-faded-area/,https://zenn.dev/ttskch/articles/916d9efc5c6c28
https://blog.ttskch.com/99designs-is-good/,https://zenn.dev/ttskch/articles/51499cc959d643
https://blog.ttskch.com/what-i-did-to-be-a-freelance/,https://zenn.dev/ttskch/articles/f3464f62c165c6
https://blog.ttskch.com/healthcare-insurance-for-freelance/,https://zenn.dev/ttskch/articles/e0623332eec59a
https://blog.ttskch.com/php-xdebug-var-dump-all/,https://zenn.dev/ttskch/articles/8e8f5a8d602e0a
https://blog.ttskch.com/mac-rectangle-resize-windows-with-keyboard/,https://zenn.dev/ttskch/articles/72ce7ddca49fc1
https://blog.ttskch.com/integrate-lastpass-or-1password-to-iphone-keyboard/,https://zenn.dev/ttskch/articles/967f9c7a5024ea
https://blog.ttskch.com/cloudapp-can-record-longer/,https://zenn.dev/ttskch/articles/82a207f7fae161
https://blog.ttskch.com/markdown-pdf-circleci-googledrive-deployment/,https://zenn.dev/ttskch/articles/f393b9e75c2d5a
https://blog.ttskch.com/symfony-monolog-bundle-on-prod-env/,https://zenn.dev/ttskch/articles/a7f065d6116953
https://blog.ttskch.com/whats-symfony-flex-and-recipes/,https://zenn.dev/ttskch/articles/13013224b61531
https://blog.ttskch.com/css-fix-scrolling-position-for-hash-link/,https://zenn.dev/ttskch/articles/81c7e670b2d6dc
https://blog.ttskch.com/symfony-form-required-at-least-one/,https://zenn.dev/ttskch/articles/5ee3c246bf65c2
https://blog.ttskch.com/symfony-restrict-non-author-of-resource/,https://zenn.dev/ttskch/articles/d51a8614b9b5cf
https://blog.ttskch.com/symfony-mock-guzzle-in-functional-test/,https://zenn.dev/ttskch/articles/ca6d05e171e6bf
https://blog.ttskch.com/php-monolog-mailgun-handler/,https://zenn.dev/ttskch/articles/04f1e9ea0bfa51
https://blog.ttskch.com/symfony-doctrine-extensions-timestampable-trait/,https://zenn.dev/ttskch/articles/3fe79a9c4c266a
https://blog.ttskch.com/symfony-touch-multiple-entities-via-one-form/,https://zenn.dev/ttskch/articles/9d9b214f5c353d
https://blog.ttskch.com/symfony-doctrine-migrations-handmade-updating-scripts/,https://zenn.dev/ttskch/articles/a629dd3b9b8398
https://blog.ttskch.com/symfony-easyadmin-dont-show-json-array-property/,https://zenn.dev/ttskch/articles/f4cb4609e70773
https://blog.ttskch.com/symfony-change-password-form/,https://zenn.dev/ttskch/articles/6fde2868deaff5
https://blog.ttskch.com/phpstorm-xdebug-step-by-step-execution/,https://zenn.dev/ttskch/articles/ee8298de80efbf
https://blog.ttskch.com/symfony-doctrine-entity-listener/,https://zenn.dev/ttskch/articles/9d3966774922d0
https://blog.ttskch.com/symfony-security-user-with-plain-password-property/,https://zenn.dev/ttskch/articles/a518f850808953
https://blog.ttskch.com/symfony-doctrine-select-max-of-group/,https://zenn.dev/ttskch/articles/92136e770d2ce0
https://blog.ttskch.com/symfony-easy-admin-choice-type-for-text-property/,https://zenn.dev/ttskch/articles/36e09bccbe6b59
https://blog.ttskch.com/symfony-doctrine-entity-listener-check-specific-property/,https://zenn.dev/ttskch/articles/a28af2bfff5751
https://blog.ttskch.com/symfony-omit-oneself-from-formtype-of-circular-referencing-entity/,https://zenn.dev/ttskch/articles/66cf2aa0a95eb2
https://blog.ttskch.com/symfony-form-exclusive-or-validation/,https://zenn.dev/ttskch/articles/344dcc5980d9be
https://blog.ttskch.com/symfony-eneity-listener-postload-practices/,https://zenn.dev/ttskch/articles/5cffe51b9e169f
https://blog.ttskch.com/symfony-functional-test-with-basic-auth-for-changing-user/,https://zenn.dev/ttskch/articles/ab8e882cdf36ef
https://blog.ttskch.com/how-to-use-filestack-with-php/,https://zenn.dev/ttskch/articles/bd4f1827a7974b
https://blog.ttskch.com/mac-alfred-workflow-alias/,https://zenn.dev/ttskch/articles/45f27d84969a15
https://blog.ttskch.com/hello-vuepress-theme-blog-vuetify/,https://zenn.dev/ttskch/articles/b908a1f6ff7188
https://blog.ttskch.com/digitalocean-ubuntu1804-apache-php73/,https://zenn.dev/ttskch/articles/8e841fd05bf60d
https://blog.ttskch.com/sakura-vps-ubuntu1804-apache-php73/,https://zenn.dev/ttskch/articles/d43d001c9b1b2d
https://blog.ttskch.com/dev-npm-package-in-local-app/,https://zenn.dev/ttskch/articles/0fa9bb8934f1ef
https://blog.ttskch.com/js-object-assign-prefer-default/,https://zenn.dev/ttskch/articles/c1ec5aa4aaf870
https://blog.ttskch.com/vuetify-drawer-hide-on-change-window-size/,https://zenn.dev/ttskch/articles/4f94c9b780931c
https://blog.ttskch.com/mac-toggl-desktop-app/,https://zenn.dev/ttskch/articles/6b5f6cae8efdfa
https://blog.ttskch.com/symfony-liiptestfixturesbundle-prepersist/,https://zenn.dev/ttskch/articles/15467440823b2a
https://blog.ttskch.com/css-fix-hover-area-of-header-anchor/,https://zenn.dev/ttskch/articles/f9fe7b59ff22cc
https://blog.ttskch.com/mac-finder-dotfiles/,https://zenn.dev/ttskch/articles/7974a6ecc7655f
https://blog.ttskch.com/symfony-multiple-url-for-one-action/,https://zenn.dev/ttskch/articles/ac43ba9cad1308
https://blog.ttskch.com/css-table-responsive/,https://zenn.dev/ttskch/articles/ccfef77169f560
https://blog.ttskch.com/mac-excel-tsv/,https://zenn.dev/ttskch/articles/c41817b791a4d8
https://blog.ttskch.com/phper-learned-laravel-first/,https://zenn.dev/ttskch/articles/716bbc720c9c3a
https://blog.ttskch.com/bootstrap-container-under-container-fluid/,https://zenn.dev/ttskch/articles/5b8d14775bbf97
https://blog.ttskch.com/php-heroku-install-require-dev/,https://zenn.dev/ttskch/articles/57135cbb9dc722
https://blog.ttskch.com/esa2github/,https://zenn.dev/ttskch/articles/7423c0ab5104fd
https://blog.ttskch.com/esa-show-images-smaller/,https://zenn.dev/ttskch/articles/cbcf1b9e3c8fda
https://blog.ttskch.com/vercel-getting-started/,https://zenn.dev/ttskch/articles/5f98aae0975720
https://blog.ttskch.com/markdown-backquote-in-code-block/,https://zenn.dev/ttskch/articles/c26308bbcdb800
https://blog.ttskch.com/esa-generic-webhook-signature-nodejs/,https://zenn.dev/ttskch/articles/78ff8899e3043f
https://blog.ttskch.com/flutter-intro-01-demo-app-on-iphone/,https://zenn.dev/ttskch/articles/839d8e74dce83b
https://blog.ttskch.com/nodejs-github-create-or-update-file/,https://zenn.dev/ttskch/articles/dcc182e8c7584f
https://blog.ttskch.com/mongodb-atlas-for-free/,https://zenn.dev/ttskch/articles/b4caaec25d42a8
https://blog.ttskch.com/symfony-easyadmin-nested-formtype-appearance/,https://zenn.dev/ttskch/articles/e72d532a5663d7
https://blog.ttskch.com/symfony-twig-attribute-grandchildren/,https://zenn.dev/ttskch/articles/a3283ddddaac62
https://blog.ttskch.com/symfony-form-remove-entity-with-empty-data/,https://zenn.dev/ttskch/articles/943c4a47ee1a91
https://blog.ttskch.com/symfony-validate-object-of-entity-property/,https://zenn.dev/ttskch/articles/f418efda3ed17c
https://blog.ttskch.com/css-stepper-arrow-feather-yabane/,https://zenn.dev/ttskch/articles/9f0af110e08d7f
https://blog.ttskch.com/symfony-doctrine-embeddable-valueobject-with-schema/,https://zenn.dev/ttskch/articles/13edd7904534dc
https://blog.ttskch.com/symfony-form-select2-interactive-choices/,https://zenn.dev/ttskch/articles/54867c7ba79e92
https://blog.ttskch.com/symfony-doctrine-migrations-all-or-nothing-not-work-for-mysql/,https://zenn.dev/ttskch/articles/0df6d6092cbbd1
https://blog.ttskch.com/symfony-add-entity-data-to-each-option-tag/,https://zenn.dev/ttskch/articles/79a6c9b8b7c38f
https://blog.ttskch.com/phpunit-test-private-methods/,https://zenn.dev/ttskch/articles/c7dcd5c1188cdd
https://blog.ttskch.com/angular-material-tailwindcss-setup/,https://zenn.dev/ttskch/articles/e675b999e7bef0
https://blog.ttskch.com/angular-firestore-to-model-reference-field/,https://zenn.dev/ttskch/articles/25b9d5598cf972
https://blog.ttskch.com/symfony-mysqldump-before-doctrine-migrations/,https://zenn.dev/ttskch/articles/20c5cbcd1d96e2
https://blog.ttskch.com/symfony-form-filetype-multiple-validation/,https://zenn.dev/ttskch/articles/228ad07c6e84fb
https://blog.ttskch.com/symfony-form-datetimetype-handlerequest-invalidargumentexception/,https://zenn.dev/ttskch/articles/949adee91db98f
https://blog.ttskch.com/phpenv-install-extensions/,https://zenn.dev/ttskch/articles/1de5fecf079e2a
https://blog.ttskch.com/php-deployer-staging-composer-install-without-no-dev/,https://zenn.dev/ttskch/articles/4776e7aa63abb5
https://blog.ttskch.com/symfony-switch-user/,https://zenn.dev/ttskch/articles/bffa098b2796d0
https://blog.ttskch.com/angular-style-to-dom-from-outside-component/,https://zenn.dev/ttskch/articles/091d516dd2e04c
https://blog.ttskch.com/symfony-entity-property-show-required/,https://zenn.dev/ttskch/articles/1af7a440c0a774
https://blog.ttskch.com/symfony-form-entitytype-with-onetoone/,https://zenn.dev/ttskch/articles/150948c84579ff
https://blog.ttskch.com/jquery-checkbox-for-multiple-deletion-from-list-view/,https://zenn.dev/ttskch/articles/61790e712d52ac
https://blog.ttskch.com/symfony-disable-entitylistener-postload-for-entitytype/,https://zenn.dev/ttskch/articles/b81bc3c9e04be4
https://blog.ttskch.com/doctrine-querybuilder-in-array-array-contains/,https://zenn.dev/ttskch/articles/1635e73bac597b
https://blog.ttskch.com/symfony-doctrine-preupdate/,https://zenn.dev/ttskch/articles/7045dbc46869d4
https://blog.ttskch.com/symfony-sentry/,https://zenn.dev/ttskch/articles/73d8bdce973b0b
https://blog.ttskch.com/flutter-intro-02-first-app-1/,https://zenn.dev/ttskch/articles/9ad8f78cb2a826
https://blog.ttskch.com/symfony-doctrine-query-builder-number-of-children/,https://zenn.dev/ttskch/articles/ac937b0146f635
https://blog.ttskch.com/symfony-twig-function-to-calc-entity-state/,https://zenn.dev/ttskch/articles/87a9b1433e7155
https://blog.ttskch.com/symfony-filter-index-by-default/,https://zenn.dev/ttskch/articles/b59c6c71f19207
https://blog.ttskch.com/flutter-intro-03-first-app-2/,https://zenn.dev/ttskch/articles/6304fbb461e4ee
https://blog.ttskch.com/flutter-intro-04-building-layouts/,https://zenn.dev/ttskch/articles/83f14c862d478d
https://blog.ttskch.com/flutter-intro-05-adding-interactivity/,https://zenn.dev/ttskch/articles/a2b1e8c8854774
https://blog.ttskch.com/flutter-fatal-error-lipo-cant-map-input-file/,https://zenn.dev/ttskch/articles/29da0759337697
https://blog.ttskch.com/flutter-multiple-floating-action-button/,https://zenn.dev/ttskch/articles/4cef1f694c97c2
https://blog.ttskch.com/bootstrap-list-view-search-form-layout/,https://zenn.dev/ttskch/articles/e96ddf76e7bad0
https://blog.ttskch.com/jsfiddle-console-log/,https://zenn.dev/ttskch/articles/ebca5aeea6fcf5
https://blog.ttskch.com/symfony-formtype-with-input-type-month/,https://zenn.dev/ttskch/articles/7c83a6b56f025e
https://blog.ttskch.com/flutter-intro-06-managing-state/,https://zenn.dev/ttskch/articles/3e2a80a44b08ee
https://blog.ttskch.com/flutter-twitter-ios-dependency-error/,https://zenn.dev/ttskch/articles/9a0a85892f9b7e
https://blog.ttskch.com/flutter-pass-arguments-and-init-widget-for-named-route/,https://zenn.dev/ttskch/articles/3a151c2be76ae5
https://blog.ttskch.com/symfony-local-web-server-signal-abort-trap/,https://zenn.dev/ttskch/articles/5a317964a31e26
https://blog.ttskch.com/mac-tmux-exited/,https://zenn.dev/ttskch/articles/daea1f889374c5
https://blog.ttskch.com/php-library-not-loaded-libicui18n64dylib/,https://zenn.dev/ttskch/articles/8bd187c62436b8
https://blog.ttskch.com/flutter-nnbd-cannot-compile/,https://zenn.dev/ttskch/articles/90504748888aba
https://blog.ttskch.com/symfony-doctrine-mapped-superclass/,https://zenn.dev/ttskch/articles/675931a29dfdfa
https://blog.ttskch.com/symfony-doctrine-migrations-with-switching-foreign-keys/,https://zenn.dev/ttskch/articles/47f760e8a3d57e
https://blog.ttskch.com/symfony-doctrine-migrations-test/,https://zenn.dev/ttskch/articles/e06f8c547fd774
https://blog.ttskch.com/symfony-doctrine-single-table-inheritance/,https://zenn.dev/ttskch/articles/890af3fe4e0a92
https://blog.ttskch.com/php-override-private-properties/,https://zenn.dev/ttskch/articles/7db415999225fb
https://blog.ttskch.com/symfony-doctrine-single-table-inheritance-discriminator-query-where/,https://zenn.dev/ttskch/articles/2c38f92eefdfb8
https://blog.ttskch.com/symfony-doctrine-one-to-one-for-multiple-records/,https://zenn.dev/ttskch/articles/b0f5a3ebd6837d
https://blog.ttskch.com/symfony-validation-callback-constraints/,https://zenn.dev/ttskch/articles/3dbde3d9a14afd
https://blog.ttskch.com/symfony-entity-property-only-for-constants/,https://zenn.dev/ttskch/articles/ee1e8fae5e5773
https://blog.ttskch.com/symfony-validation-call-other-constraints/,https://zenn.dev/ttskch/articles/8812ca381b8ec9
https://blog.ttskch.com/select2-use-html-in-option-label/,https://zenn.dev/ttskch/articles/2f0d0e668813e0
https://blog.ttskch.com/symfony-doctrine-count-offset-limit-root-entity-in-joined-query/,https://zenn.dev/ttskch/articles/7fdd50f2081312
https://blog.ttskch.com/symfony-most-thin-and-simple-pagination-bundle/,https://zenn.dev/ttskch/articles/d26f13131212bc
https://blog.ttskch.com/symfony-form-import-specific-field-from-other-formtype/,https://zenn.dev/ttskch/articles/e4c069f1108825
https://blog.ttskch.com/symfony-webtestcase-createclient-deprecated/,https://zenn.dev/ttskch/articles/2007864cec38ad
https://blog.ttskch.com/how-to-migrate-gmail/,https://zenn.dev/ttskch/articles/7517c1ddda1b11
https://blog.ttskch.com/how-to-migrate-google-account/,https://zenn.dev/ttskch/articles/a4cd4d45c296de
https://blog.ttskch.com/symfony-form-show-label-column-with-checkboxtype/,https://zenn.dev/ttskch/articles/f8ae79d01e5f36
https://blog.ttskch.com/symfony-how-to-bundlize-app/,https://zenn.dev/ttskch/articles/48e20e1c9621a1
https://blog.ttskch.com/flutter-file-from-url/,https://zenn.dev/ttskch/articles/eef967146a1d51
https://blog.ttskch.com/flutter-make-tappable-with-gesture-detector/,https://zenn.dev/ttskch/articles/387c2762298aae
https://blog.ttskch.com/flutter-snackbar-context-not-contain-scaffold/,https://zenn.dev/ttskch/articles/5efbfe52d26157
https://blog.ttskch.com/flutter-choose-file-and-preview-image/,https://zenn.dev/ttskch/articles/c9fa0fc304c657
https://blog.ttskch.com/apply-async-function-to-list-elements-with-map/,https://zenn.dev/ttskch/articles/4cee05c400b4d8
https://blog.ttskch.com/flutter-disable-button-in-progress/,https://zenn.dev/ttskch/articles/5acf1e420cc28f
https://blog.ttskch.com/flutter-sleep/,https://zenn.dev/ttskch/articles/f5cae263c751ab
https://blog.ttskch.com/flutter-firestore-listen-to-search-result-with-or/,https://zenn.dev/ttskch/articles/8cd6ef614e64ec
https://blog.ttskch.com/symfony-uniqueentity-trouble/,https://zenn.dev/ttskch/articles/b78342db2d037d
https://blog.ttskch.com/esa2github-agenda-to-bull/,https://zenn.dev/ttskch/articles/135c5567bf065c
https://blog.ttskch.com/select2-disable-auto-closing-only-when-multiple/,https://zenn.dev/ttskch/articles/679f8a19231778
https://blog.ttskch.com/oh-my-zsh-zinit/,https://zenn.dev/ttskch/articles/fb5a700b37a504
https://blog.ttskch.com/symfony-doctrine-count-concat-orderby/,https://zenn.dev/ttskch/articles/9c2af17d77657e
https://blog.ttskch.com/symfony-form-modify-options-of-base-formtype/,https://zenn.dev/ttskch/articles/cd754b537f10b9
https://blog.ttskch.com/angular-rxjs-web-api-example/,https://zenn.dev/ttskch/articles/b9427be6dd188e
https://blog.ttskch.com/symfony-not-blank-validation-for-collection-property/,https://zenn.dev/ttskch/articles/c596276f0d50d3
https://blog.ttskch.com/symfony-form-modify-options-of-child-formtype/,https://zenn.dev/ttskch/articles/5aa4db83d61f3d
https://blog.ttskch.com/symfony-doctrine-where-datetime/,https://zenn.dev/ttskch/articles/f17ab2a095030c
https://blog.ttskch.com/mac-phpenv-php-build-buffio-not-found-under-php70/,https://zenn.dev/ttskch/articles/fe5715c4055590
https://blog.ttskch.com/mac-catalina-big-sur-phpenv-php-build-error-under-php72/,https://zenn.dev/ttskch/articles/67816d2819e38c
https://blog.ttskch.com/symfony-unique-entity-show-error-onto-all-fields/,https://zenn.dev/ttskch/articles/27ed994f200eb0
https://blog.ttskch.com/mac-phpenv-php-build-php80/,https://zenn.dev/ttskch/articles/a3a751ab26bcd7
https://blog.ttskch.com/symfony-how-to-mock-service-on-functional-test/,https://zenn.dev/ttskch/articles/ab2973d60ead0a
https://blog.ttskch.com/symfony-doctrine-object-array-updating-problem/,https://zenn.dev/ttskch/articles/5ad0b87fbc13ae
https://blog.ttskch.com/symfony-security-voter/,https://zenn.dev/ttskch/articles/5ef96bf6e9d835
https://blog.ttskch.com/symfony-functional-test-multiple-files-uploading/,https://zenn.dev/ttskch/articles/f38575ea63a56d
https://blog.ttskch.com/symfony-functional-test-send-csrf-token/,https://zenn.dev/ttskch/articles/cdedca841727c2
https://blog.ttskch.com/symfony-attachment-impl-example/,https://zenn.dev/ttskch/articles/d9849cb199b691
https://blog.ttskch.com/symfony-template-annotation-is-deprecated/,https://zenn.dev/ttskch/articles/07bd8c54d5fdd3
https://blog.ttskch.com/symfony-isgranted-for-only-post-request/,https://zenn.dev/ttskch/articles/aa9d415a8d1d1a
https://blog.ttskch.com/symfony-realworld-example-app/,https://zenn.dev/ttskch/articles/876149ba8a5183
https://blog.ttskch.com/symfony-jquery-functional-test/,https://zenn.dev/ttskch/articles/0c6a282fa12353
https://blog.ttskch.com/web-app-pdf-printing-best-practice/,https://zenn.dev/ttskch/articles/1f1572cfd2e375
https://blog.ttskch.com/web-app-pdf-printing-best-practice-npm-library/,https://zenn.dev/ttskch/articles/8ee0eaaabf0657
https://blog.ttskch.com/symfony5-firebase-authentication/,https://zenn.dev/ttskch/articles/8453c5e484c3e2
https://blog.ttskch.com/symfony-doctrine-custom-mapping-types/,https://zenn.dev/ttskch/articles/bfceb0dbcac306
https://blog.ttskch.com/symfony-doctrine-soft-delete-change-log-mysql-view/,https://zenn.dev/ttskch/articles/52cb844302a216
https://blog.ttskch.com/symfony-doctrine-unique-entity-for-only-persisted-entities/,https://zenn.dev/ttskch/articles/400806fb851ccd
https://blog.ttskch.com/functional-testing-for-reusable-bundles-2021/,https://zenn.dev/ttskch/articles/f9701ccf95d7c7
https://blog.ttskch.com/symfony-security-annotation-with-expression-language/,https://zenn.dev/ttskch/articles/0b682ea836d33a
https://blog.ttskch.com/homebrew-add-new-version-php/,https://zenn.dev/ttskch/articles/89190c80066510
https://blog.ttskch.com/symfony-doctrine-json-serializable-entity-with-recursive-reference/,https://zenn.dev/ttskch/articles/a93259c0598f1c
https://blog.ttskch.com/symfony-doctrine-change-detector/,https://zenn.dev/ttskch/articles/a87886459cde58
https://blog.ttskch.com/making-cli-tools-with-symfony-console/,https://zenn.dev/ttskch/articles/ef89d74b9728ad
https://blog.ttskch.com/symfony-api-platform-graphql/,https://zenn.dev/ttskch/articles/89a4a6420313bb
https://blog.ttskch.com/symfony-complex-envvars/,https://zenn.dev/ttskch/articles/72a30cc0db34b2
https://blog.ttskch.com/symfony-easyadmin-stimulus/,https://zenn.dev/ttskch/articles/af6b65eaade4bc
https://blog.ttskch.com/symfony-panther-e2e-testing/,https://zenn.dev/ttskch/articles/0175849bf26164
https://blog.ttskch.com/symfony-postgres-firebase-github-actions-heroku/,https://zenn.dev/ttskch/articles/37885eb29b00c2
https://blog.ttskch.com/symfony5-sentry4/,https://zenn.dev/ttskch/articles/4518b886d708c7
https://blog.ttskch.com/kreait-firebase-league-flysystem-integration/,https://zenn.dev/ttskch/articles/ab290d26766d69
https://blog.ttskch.com/mac-phpenv-php-build/,https://zenn.dev/ttskch/scraps/906c4a978ec779
https://blog.ttskch.com/thank-you-quartet-communications/,https://note.com/ttskch/n/n4840e862f343
https://blog.ttskch.com/ceiling-light-solution-with-flic/,https://note.com/ttskch/n/nd01d69fd0068
